
INSERT INTO patients (patient_id, patient_name, age, gender, contact_number, created_at) VALUES
('P-1001', 'John Doe', 45, 'Male', '555-0101', '2026-01-05 08:30:00'),
('P-1002', 'Jane Smith', 34, 'Female', '555-0102', '2026-01-05 09:15:00'),
('P-1003', 'Alex Jones', 29, 'Other', '555-0103', '2026-01-06 10:00:00'),
('P-1004', 'Michael Brown', 62, 'Male', '555-0104', '2026-01-06 11:45:00'),
('P-1005', 'Emily Davis', 19, 'Female', '555-0105', '2026-01-07 14:20:00'),
('P-1006', 'David Miller', 51, 'Male', '555-0106', '2026-01-08 08:00:00'),
('P-1007', 'Sarah Wilson', 42, 'Female', '555-0107', '2026-01-08 09:30:00'),
('P-1008', 'James Taylor', 73, 'Male', '555-0108', '2026-01-09 13:10:00'),
('P-1009', 'Amanda Thomas', 28, 'Female', '555-0109', '2026-01-10 15:45:00'),
('P-1010', 'Robert Jackson', 37, 'Male', '555-0110', '2026-01-11 11:00:00'),
('P-1011', 'Lisa White', 55, 'Female', '555-0111', '2026-01-12 09:15:00'),
('P-1012', 'William Harris', 48, 'Male', '555-0112', '2026-01-12 10:30:00'),
('P-1013', 'Megan Martin', 23, 'Female', '555-0113', '2026-01-13 14:00:00'),
('P-1014', 'Joseph Thompson', 67, 'Male', '555-0114', '2026-01-14 08:45:00'),
('P-1015', 'Rachel Garcia', 31, 'Female', '555-0115', '2026-01-14 16:20:00'),
('P-1016', 'Charles Martinez', 59, 'Male', '555-0116', '2026-01-15 11:15:00'),
('P-1017', 'Jennifer Robinson', 44, 'Female', '555-0117', '2026-01-15 13:30:00'),
('P-1018', 'Christopher Clark', 35, 'Male', '555-0118', '2026-01-16 10:00:00'),
('P-1019', 'Patricia Rodriguez', 52, 'Female', '555-0119', '2026-01-17 09:00:00'),
('P-1020', 'Matthew Lewis', 26, 'Male', '555-0120', '2026-01-18 15:00:00'),
('P-1021', 'Jessica Lee', 39, 'Female', '555-0121', '2026-01-19 10:45:00'),
('P-1022', 'Daniel Walker', 61, 'Male', '555-0122', '2026-01-20 08:30:00'),
('P-1023', 'Nancy Hall', 70, 'Female', '555-0123', '2026-01-20 11:20:00'),
('P-1024', 'Paul Allen', 47, 'Male', '555-0124', '2026-01-21 14:15:00'),
('P-1025', 'Karen Young', 33, 'Female', '555-0125', '2026-01-22 09:50:00'),
('P-1026', 'Mark Hernandez', 50, 'Male', '555-0126', '2026-01-23 13:10:00'),
('P-1027', 'Betty King', 65, 'Female', '555-0127', '2026-01-24 10:00:00'),
('P-1028', 'George Wright', 41, 'Male', '555-0128', '2026-01-24 15:30:00'),
('P-1029', 'Sandra Lopez', 27, 'Female', '555-0129', '2026-01-25 08:45:00'),
('P-1030', 'Steven Hill', 56, 'Male', '555-0130', '2026-01-26 11:00:00'),
('P-1031', 'Ashley Scott', 32, 'Female', '555-0131', '2026-01-27 14:25:00'),
('P-1032', 'Edward Green', 68, 'Male', '555-0132', '2026-01-28 09:15:00'),
('P-1033', 'Kimberly Adams', 43, 'Female', '555-0133', '2026-01-29 10:30:00'),
('P-1034', 'Brian Baker', 38, 'Male', '555-0134', '2026-01-30 13:00:00'),
('P-1035', 'Donna Gonzalez', 60, 'Female', '555-0135', '2026-01-31 16:10:00'),
('P-1036', 'Ronald Nelson', 49, 'Male', '555-0136', '2026-02-01 08:30:00'),
('P-1037', 'Carol Carter', 54, 'Female', '555-0137', '2026-02-02 11:45:00'),
('P-1038', 'Anthony Mitchell', 30, 'Male', '555-0138', '2026-02-02 14:00:00'),
('P-1039', 'Michelle Perez', 46, 'Female', '555-0139', '2026-02-03 09:20:00'),
('P-1040', 'Kevin Roberts', 53, 'Male', '555-0140', '2026-02-04 10:15:00'),
('P-1041', 'Amanda Turner', 25, 'Female', '555-0141', '2026-02-05 15:30:00'),
('P-1042', 'Jason Phillips', 40, 'Male', '555-0142', '2026-02-06 08:45:00'),
('P-1043', 'Helen Campbell', 72, 'Female', '555-0143', '2026-02-07 11:00:00'),
('P-1044', 'Jeffery Parker', 36, 'Male', '555-0144', '2026-02-08 13:15:00'),
('P-1045', 'Deborah Evans', 57, 'Female', '555-0145', '2026-02-09 10:00:00'),
('P-1046', 'Frank Edwards', 64, 'Male', '555-0146', '2026-02-10 14:50:00'),
('P-1047', 'Shirley Collins', 50, 'Female', '555-0147', '2026-02-11 09:30:00'),
('P-1048', 'Gary Stewart', 41, 'Male', '555-0148', '2026-02-12 11:15:00'),
('P-1049', 'Anna Morris', 22, 'Female', '555-0149', '2026-02-12 16:00:00'),
('P-1050', 'Stephen Rogers', 58, 'Male', '555-0150', '2026-02-13 08:30:00');



INSERT INTO samples (sample_id, patient_id, sample_type, collection_date, test, referring_doctor, referring_hospital, created_at) VALUES
('S-2001', 'P-1001', 'Blood', '2026-01-05', 'Complete Blood Count', 'Dr. Alice Smith', 'City General Hospital', '2026-01-05 09:00:00'),
('S-2002', 'P-1002', 'Swab', '2026-01-05', 'COVID-19 PCR Test', 'Dr. Bob Jones', 'Metro Health Clinic', '2026-01-05 10:00:00'),
('S-2003', 'P-1003', 'Tissue', '2026-01-06', 'Skin Biopsy', 'Dr. Clara Vance', 'Dermatology Center', '2026-01-06 11:00:00'),
('S-2004', 'P-1004', 'Blood', '2026-01-06', 'Lipid Profile', 'Dr. David King', 'City General Hospital', '2026-01-06 12:30:00'),
('S-2005', 'P-1005', 'Swab', '2026-01-07', 'Strep A Rapid Test', 'Dr. Ellen Rose', 'St. Jude Hospital', '2026-01-07 15:00:00'),
('S-2006', 'P-1006', 'Blood', '2026-01-08', 'Liver Function Test', 'Dr. Frank Wright', 'Metro Health Clinic', '2026-01-08 08:45:00'),
('S-2007', 'P-1007', 'Tissue', '2026-01-08', 'Endometrial Biopsy', 'Dr. Grace Lee', 'Women\'s Health Trust', '2026-01-08 10:15:00'),
('S-2008', 'P-1008', 'Blood', '2026-01-09', 'Blood Glucose Fasting', 'Dr. Henry Ford', 'City General Hospital', '2026-01-09 14:00:00'),
('S-2009', 'P-1009', 'Swab', '2026-01-10', 'Influenza A/B Test', 'Dr. Irene Adler', 'St. Jude Hospital', '2026-01-10 16:15:00'),
('S-2010', 'P-1010', 'Blood', '2026-01-11', 'Thyroid Profile', 'Dr. John Watson', 'Metro Health Clinic', '2026-01-11 11:30:00'),
('S-2011', 'P-1011', 'Blood', '2026-01-12', 'Kidney Function Test', 'Dr. Kevin Bacon', 'City General Hospital', '2026-01-12 10:00:00'),
('S-2012', 'P-1012', 'Swab', '2026-01-12', 'Nasal Culture', 'Dr. Laura Croft', 'Northside Medical', '2026-01-12 11:00:00'),
('S-2013', 'P-1013', 'Blood', '2026-01-13', 'Hepatitis B Panel', 'Dr. Mark Ruffin', 'St. Jude Hospital', '2026-01-13 14:45:00'),
('S-2014', 'P-1014', 'Tissue', '2026-01-14', 'Prostate Biopsy', 'Dr. Nancy Drew', 'City General Hospital', '2026-01-14 09:30:00'),
('S-2015', 'P-1015', 'Blood', '2026-01-14', 'Vitamin D Level', 'Dr. Oliver Twist', 'Metro Health Clinic', '2026-01-14 17:00:00'),
('S-2016', 'P-1016', 'Swab', '2026-01-15', 'Throat Culture', 'Dr. Peter Parker', 'Northside Medical', '2026-01-15 12:00:00'),
('S-2017', 'P-1017', 'Blood', '2026-01-15', 'Hemoglobin A1C', 'Dr. Quincy Jones', 'Women\'s Health Trust', '2026-01-15 14:15:00'),
('S-2018', 'P-1018', 'Blood', '2026-01-16', 'Electrolyte Panel', 'Dr. Rachel Green', 'City General Hospital', '2026-01-16 10:45:00'),
('S-2019', 'P-1019', 'Tissue', '2026-01-17', 'Breast Tissue Biopsy', 'Dr. Sam Wilson', 'Women\'s Health Trust', '2026-01-17 09:45:00'),
('S-2020', 'P-1020', 'Blood', '2026-01-18', 'Iron Studies', 'Dr. Thomas Shelby', 'St. Jude Hospital', '2026-01-18 15:30:00'),
('S-2021', 'P-1021', 'Blood', '2026-01-19', 'Rheumatoid Factor', 'Dr. Ursula Buffay', 'Metro Health Clinic', '2026-01-19 11:15:00'),
('S-2022', 'P-1022', 'Swab', '2026-01-20', 'Wound Culture', 'Dr. Victor Stone', 'City General Hospital', '2026-01-20 09:00:00'),
('S-2023', 'P-1023', 'Blood', '2026-01-20', 'Uric Acid', 'Dr. Wendy Darling', 'Northside Medical', '2026-01-20 12:00:00'),
('S-2024', 'P-1024', 'Tissue', '2026-01-21', 'Gastric Biopsy', 'Dr. Xavier Charles', 'St. Jude Hospital', '2026-01-21 15:00:00'),
('S-2025', 'P-1025', 'Blood', '2026-01-22', 'Beta HCG', 'Dr. Yvaine Stark', 'Women\'s Health Trust', '2026-01-22 10:30:00'),
('S-2026', 'P-1026', 'Blood', '2026-01-23', 'PSA Test', 'Dr. Zach Morris', 'City General Hospital', '2026-01-23 14:00:00'),
('S-2027', 'P-1027', 'Swab', '2026-01-24', 'MRSA Screening', 'Dr. Alice Smith', 'Metro Health Clinic', '2026-01-24 10:45:00'),
('S-2028', 'P-1028', 'Blood', '2026-01-24', 'Calcium Level', 'Dr. Bob Jones', 'Northside Medical', '2026-01-24 16:15:00'),
('S-2029', 'P-1029', 'Blood', '2026-01-25', 'Amylase Test', 'Dr. Clara Vance', 'City General Hospital', '2026-01-25 09:30:00'),
('S-2030', 'P-1030', 'Tissue', '2026-01-26', 'Colon Biopsy', 'Dr. David King', 'St. Jude Hospital', '2026-01-26 11:45:00'),
('S-2031', 'P-1031', 'Blood', '2026-01-27', 'Cardiac Enzymes', 'Dr. Ellen Rose', 'Metro Health Clinic', '2026-01-27 15:00:00'),
('S-2032', 'P-1032', 'Blood', '2026-01-28', 'B12 Level', 'Dr. Frank Wright', 'City General Hospital', '2026-01-28 10:00:00'),
('S-2033', 'P-1033', 'Swab', '2026-01-29', 'Ear Culture', 'Dr. Grace Lee', 'Northside Medical', '2026-01-29 11:15:00'),
('S-2034', 'P-1034', 'Blood', '2026-01-30', 'Magnesium Test', 'Dr. Henry Ford', 'St. Jude Hospital', '2026-01-30 13:45:00'),
('S-2035', 'P-1035', 'Blood', '2026-01-31', 'Folate Level', 'Dr. Irene Adler', 'Women\'s Health Trust', '2026-01-31 16:45:00'),
('S-2036', 'P-1036', 'Tissue', '2026-02-01', 'Lung Biopsy', 'Dr. John Watson', 'City General Hospital', '2026-02-01 09:15:00'),
('S-2037', 'P-1037', 'Blood', '2026-02-02', 'TSH Sensitive', 'Dr. Kevin Bacon', 'Metro Health Clinic', '2026-02-02 12:15:00'),
('S-2038', 'P-1038', 'Blood', '2026-02-02', 'C-Reactive Protein', 'Dr. Laura Croft', 'Northside Medical', '2026-02-02 14:45:00'),
('S-2039', 'P-1039', 'Swab', '2026-02-03', 'Eye Swab Culture', 'Dr. Mark Ruffin', 'Women\'s Health Trust', '2026-02-03 10:00:00'),
('S-2040', 'P-1040', 'Blood', '2026-02-04', 'ESR Test', 'Dr. Nancy Drew', 'City General Hospital', '2026-02-04 11:00:00'),
('S-2041', 'P-1041', 'Blood', '2026-02-05', 'PT/INR Test', 'Dr. Oliver Twist', 'St. Jude Hospital', '2026-02-05 16:00:00'),
('S-2042', 'P-1042', 'Tissue', '2026-02-06', 'Liver Biopsy', 'Dr. Peter Parker', 'Metro Health Clinic', '2026-02-06 09:30:00'),
('S-2043', 'P-1043', 'Blood', '2026-02-07', 'Cortisol Level', 'Dr. Quincy Jones', 'City General Hospital', '2026-02-07 12:00:00'),
('S-2044', 'P-1044', 'Blood', '2026-02-08', 'Blood Culture', 'Dr. Rachel Green', 'Northside Medical', '2026-02-08 14:00:00'),
('S-2045', 'P-1045', 'Swab', '2026-02-09', 'Chlamydia PCR', 'Dr. Sam Wilson', 'Women\'s Health Trust', '2026-02-09 10:45:00'),
('S-2046', 'P-1046', 'Blood', '2026-02-10', 'HIV Screening', 'Dr. Thomas Shelby', 'City General Hospital', '2026-02-10 15:30:00'),
('S-2047', 'P-1047', 'Blood', '2026-02-11', 'Syphilis VDRL', 'Dr. Ursula Buffay', 'Metro Health Clinic', '2026-02-11 10:15:00'),
('S-2048', 'P-1048', 'Tissue', '2026-02-12', 'Thyroid Biopsy', 'Dr. Victor Stone', 'Northside Medical', '2026-02-12 12:00:00'),
('S-2049', 'P-1049', 'Blood', '2026-02-12', 'Blood Grouping', 'Dr. Wendy Darling', 'St. Jude Hospital', '2026-02-12 16:45:00'),
('S-2050', 'P-1050', 'Swab', '2026-02-13', 'Gonorrhea PCR', 'Dr. Xavier Charles', 'City General Hospital', '2026-02-13 09:15:00');



INSERT INTO patient_report (report_id, patient_id, draft_text, final_text, signed_by, signature_path, report_status, comments, created_at, update_at) VALUES
('R-3001', 'P-1001', 'Draft: CBC within normal limits.', 'Final: CBC values within normal ranges.', 'Dr. Alan Grant', '/sigs/agrant.png', 'Delivered', 'No further follow-up required.', '2026-01-06 09:00:00', '2026-01-06 14:00:00'),
('R-3002', 'P-1002', 'Draft: Pending COVID results.', NULL, NULL, NULL, 'Pending', 'Awaiting laboratory batch run.', '2026-01-05 11:00:00', '2026-01-05 11:00:00'),
('R-3003', 'P-1003', 'Draft: Biopsy indicates benign tissue.', 'Final: Benign squamous epithelium.', 'Dr. Ellie Sattler', '/sigs/esattler.png', 'Delivered', 'Patient notified by phone.', '2026-01-08 10:00:00', '2026-01-08 16:30:00'),
('R-3004', 'P-1004', 'Draft: Cholesterol elevated.', 'Final: Total Cholesterol 240 mg/dL - High.', 'Dr. Alan Grant', '/sigs/agrant.png', 'Delivered', 'Dietary alterations recommended.', '2026-01-07 09:00:00', '2026-01-07 11:00:00'),
('R-3005', 'P-1005', 'Draft: Strep test results.', NULL, NULL, NULL, 'Pending', 'Sample under secondary culture review.', '2026-01-07 16:00:00', '2026-01-07 16:00:00'),
('R-3006', 'P-1006', 'Draft: LFT shows slight elevation in ALT.', 'Final: Mildly elevated ALT. Re-test in 1 month.', 'Dr. Ellie Sattler', '/sigs/esattler.png', 'Delivered', 'Avoid alcohol intake.', '2026-01-09 10:00:00', '2026-01-09 13:00:00'),
('R-3007', 'P-1007', 'Draft: Endometrial biopsy clear.', 'Final: Normal secretory phase endometrium.', 'Dr. Ian Malcolm', '/sigs/imalcolm.png', 'Delivered', 'Routine follow-up.', '2026-01-10 11:15:00', '2026-01-10 15:45:00'),
('R-3008', 'P-1008', 'Draft: Fasting glucose high.', 'Final: Glucose 135 mg/dL. Diabeteic range.', 'Dr. Alan Grant', '/sigs/agrant.png', 'Delivered', 'Refer to endocrinology.', '2026-01-10 09:00:00', '2026-01-10 11:30:00'),
('R-3009', 'P-1009', 'Draft: Swab positive for Flu A.', 'Final: Positive for Influenza Type A.', 'Dr. Ellie Sattler', '/sigs/esattler.png', 'Delivered', 'Prescribed antiviral course.', '2026-01-11 10:00:00', '2026-01-11 14:00:00'),
('R-3010', 'P-1010', 'Draft: Thyroid profile pending.', NULL, NULL, NULL, 'Pending', 'Awaiting T4 processing.', '2026-01-11 12:00:00', '2026-01-11 12:00:00'),
('R-3011', 'P-1011', 'Draft: Kidney panel normal.', 'Final: BUN and Creatinine within normal margins.', 'Dr. Ian Malcolm', '/sigs/imalcolm.png', 'Delivered', 'Hydration status looks good.', '2026-01-13 09:30:00', '2026-01-13 13:00:00'),
('R-3012', 'P-1012', 'Draft: Nasal flora normal.', 'Final: No significant pathogenic growth detected.', 'Dr. Alan Grant', '/sigs/agrant.png', 'Delivered', 'Symptoms likely viral.', '2026-01-13 11:15:00', '2026-01-13 15:00:00'),
('R-3013', 'P-1013', 'Draft: Hep B non-reactive.', 'Final: Hepatitis B surface antigen non-reactive.', 'Dr. Ellie Sattler', '/sigs/esattler.png', 'Delivered', 'Immature antibody response observed.', '2026-01-14 15:00:00', '2026-01-14 17:30:00'),
('R-3014', 'P-1014', 'Draft: Biopsy results.', NULL, NULL, NULL, 'Pending', 'Requires pathology review panel.', '2026-01-14 10:00:00', '2026-01-14 10:00:00'),
('R-3015', 'P-1015', 'Draft: Vit D low.', 'Final: Vitamin D 18 ng/mL - Deficient.', 'Dr. Ian Malcolm', '/sigs/imalcolm.png', 'Delivered', 'Recommend 50,000 IU supplement weekly.', '2026-01-15 11:00:00', '2026-01-15 16:00:00'),
('R-3016', 'P-1016', 'Draft: Throat culture negative.', 'Final: Negative for Group A Streptococcus.', 'Dr. Alan Grant', '/sigs/agrant.png', 'Delivered', 'Symptomatic relief advised.', '2026-01-16 13:00:00', '2026-01-16 15:45:00'),
('R-3017', 'P-1017', 'Draft: A1C within goal.', 'Final: HbA1C 5.6% - Non-diabetic.', 'Dr. Ellie Sattler', '/sigs/esattler.png', 'Delivered', 'Maintain healthy diet.', '2026-01-16 15:30:00', '2026-01-16 17:50:00'),
('R-3018', 'P-1018', 'Draft: Electrolytes normal.', 'Final: Sodium, Potassium, Chloride normal.', 'Dr. Ian Malcolm', '/sigs/imalcolm.png', 'Delivered', 'Electrolytes well-balanced.', '2026-01-17 11:15:00', '2026-01-17 13:20:00'),
('R-3019', 'P-1019', 'Draft: Breast tissue benign.', 'Final: Fibroadenoma confirmed. No malignancy.', 'Dr. Ellie Sattler', '/sigs/esattler.png', 'Delivered', 'Reassure patient.', '2026-01-19 09:00:00', '2026-01-19 14:15:00'),
('R-3020', 'P-1020', 'Draft: Iron panel pending.', NULL, NULL, NULL, 'Pending', 'Running Ferritin test.', '2026-01-18 16:00:00', '2026-01-18 16:00:00'),
('R-3021', 'P-1021', 'Draft: RF negative.', 'Final: Rheumatoid Factor negative.', 'Dr. Alan Grant', '/sigs/agrant.png', 'Delivered', 'Joint pain may be osteoarthritis.', '2026-01-20 12:00:00', '2026-01-20 15:00:00'),
('R-3022', 'P-1022', 'Draft: Wound flora normal.', 'Final: Heavy growth of Staph aureus.', 'Dr. Ian Malcolm', '/sigs/imalcolm.png', 'Delivered', 'Antibiotic susceptibility attached.', '2026-01-21 10:00:00', '2026-01-21 13:45:00'),
('R-3023', 'P-1023', 'Draft: Uric acid high.', 'Final: Uric acid 8.5 mg/dL - Elevated.', 'Dr. Alan Grant', '/sigs/agrant.png', 'Delivered', 'Correlate clinically with Gout.', '2026-01-21 13:00:00', '2026-01-21 16:00:00'),
('R-3024', 'P-1024', 'Draft: Gastric tissue status.', NULL, NULL, NULL, 'Pending', 'Awaiting H. pylori stain results.', '2026-01-21 16:00:00', '2026-01-21 16:00:00'),
('R-3025', 'P-1025', 'Draft: Beta HCG positive.', 'Final: Quantitative HCG indicates 6 weeks gest.', 'Dr. Ellie Sattler', '/sigs/esattler.png', 'Delivered', 'Refer to prenatal care.', '2026-01-23 11:00:00', '2026-01-23 14:30:00'),
('R-3026', 'P-1026', 'Draft: PSA test acceptable.', 'Final: PSA 1.2 ng/mL - Within safe range.', 'Dr. Ian Malcolm', '/sigs/imalcolm.png', 'Delivered', 'Annual screening advised.', '2026-01-24 14:30:00', '2026-01-24 16:50:00'),
('R-3027', 'P-1027', 'Draft: MRSA negative.', 'Final: No MRSA isolated from nasal swab.', 'Dr. Alan Grant', '/sigs/agrant.png', 'Delivered', 'Pre-op clearance granted.', '2026-01-25 11:00:00', '2026-01-25 13:15:00'),
('R-3028', 'P-1028', 'Draft: Calcium level normal.', 'Final: Serum Calcium 9.5 mg/dL - Normal.', 'Dr. Ellie Sattler', '/sigs/esattler.png', 'Delivered', 'Consistent with historical values.', '2026-01-25 17:00:00', '2026-01-26 09:30:00'),
('R-3029', 'P-1029', 'Draft: Amylase processing.', NULL, NULL, NULL, 'Pending', 'Sample lipemic, repeating test.', '2026-01-25 10:00:00', '2026-01-25 10:00:00'),
('R-3030', 'P-1030', 'Draft: Colon biopsy results.', 'Final: Hyperplastic polyp. Non-malignant.', 'Dr. Ian Malcolm', '/sigs/imalcolm.png', 'Delivered', 'Repeat colonoscopy in 5 years.', '2026-01-28 10:00:00', '2026-01-28 15:30:00'),
('R-3031', 'P-1031', 'Draft: Troponin normal.', 'Final: Troponin I less than 0.01 ng/mL.', 'Dr. Alan Grant', '/sigs/agrant.png', 'Delivered', 'No acute cardiac event indicated.', '2026-01-28 08:00:00', '2026-01-28 10:00:00'),
('R-3032', 'P-1032', 'Draft: B12 within limits.', 'Final: Vitamin B12 450 pg/mL - Adequate.', 'Dr. Ellie Sattler', '/sigs/esattler.png', 'Delivered', 'Dietary maintenance.', '2026-01-29 11:00:00', '2026-01-29 14:00:00'),
('R-3033', 'P-1033', 'Draft: Ear swab progress.', NULL, NULL, NULL, 'Pending', 'Incubation process at 24 hours.', '2026-01-29 12:00:00', '2026-01-29 12:00:00'),
('R-3034', 'P-1034', 'Draft: Magnesium acceptable.', 'Final: Serum Magnesium 2.1 mEq/L.', 'Dr. Ian Malcolm', '/sigs/imalcolm.png', 'Delivered', 'Electrolyte metrics looking solid.', '2026-01-31 10:00:00', '2026-01-31 14:15:00'),
('R-3035', 'P-1035', 'Draft: Folate panel normal.', 'Final: Serum Folate 12.4 ng/mL - Normal.', 'Dr. Alan Grant', '/sigs/agrant.png', 'Delivered', 'Nutritional baseline intact.', '2026-02-01 09:00:00', '2026-02-01 11:30:00'),
('R-3036', 'P-1036', 'Draft: Lung biopsy analysis.', NULL, NULL, NULL, 'Pending', 'Awaiting special immunohistochemical stains.', '2026-02-01 10:00:00', '2026-02-01 10:00:00'),
('R-3037', 'P-1037', 'Draft: TSH slightly high.', 'Final: TSH 5.2 mIU/L - Mild Hypothyroidism.', 'Dr. Ellie Sattler', '/sigs/esattler.png', 'Delivered', 'Suggest clinical correlation.', '2026-02-03 11:00:00', '2026-02-03 15:20:00'),
('R-3038', 'P-1038', 'Draft: CRP elevated.', 'Final: C-Reactive Protein 12 mg/L - Elevated.', 'Dr. Ian Malcolm', '/sigs/imalcolm.png', 'Delivered', 'Indicates systemic inflammation.', '2026-02-03 13:00:00', '2026-02-03 16:45:00'),
('R-3039', 'P-1039', 'Draft: Eye culture negative.', 'Final: No bacterial growth isolated.', 'Dr. Alan Grant', '/sigs/agrant.png', 'Delivered', 'Probable allergic conjunctivitis.', '2026-02-04 11:00:00', '2026-02-04 14:00:00'),
('R-3040', 'P-1040', 'Draft: ESR processing.', NULL, NULL, NULL, 'Pending', 'Sedimentation rack delayed.', '2026-02-04 12:00:00', '2026-02-04 12:00:00'),
('R-3041', 'P-1041', 'Draft: PT/INR therapeutic.', 'Final: INR 2.5 - Within therapeutic range.', 'Dr. Ellie Sattler', '/sigs/esattler.png', 'Delivered', 'Maintain current Warfarin dosage.', '2026-02-06 10:00:00', '2026-02-06 13:30:00'),
('R-3042', 'P-1042', 'Draft: Liver biopsy evaluation.', 'Final: Grade 1 Fatty Liver changes.', 'Dr. Ian Malcolm', '/sigs/imalcolm.png', 'Delivered', 'Weight management counseling advised.', '2026-02-07 11:00:00', '2026-02-07 16:00:00'),
('R-3043', 'P-1043', 'Draft: Cortisol normal.', 'Final: AM Cortisol 14 mcg/dL - Normal.', 'Dr. Alan Grant', '/sigs/agrant.png', 'Delivered', 'Adrenal function appears intact.', '2026-02-08 09:30:00', '2026-02-08 12:00:00'),
('R-3044', 'P-1044', 'Draft: Blood culture safe.', 'Final: No growth after 48 hours incubation.', 'Dr. Ellie Sattler', '/sigs/esattler.png', 'Delivered', 'Final update at 5 days if positive.', '2026-02-10 10:00:00', '2026-02-10 14:15:00'),
('R-3045', 'P-1045', 'Draft: Chlamydia results.', NULL, NULL, NULL, 'Pending', 'Running confirmation assay.', '2026-02-09 11:45:00', '2026-02-09 11:45:00'),
('R-3046', 'P-1046', 'Draft: HIV non-reactive.', 'Final: HIV 1/2 Antibody/Antigen: Non-reactive.', 'Dr. Ian Malcolm', '/sigs/imalcolm.png', 'Delivered', 'Routine occupational screening.', '2026-02-11 11:00:00', '2026-02-11 15:30:00'),
('R-3047', 'P-1047', 'Draft: Syphilis negative.', 'Final: VDRL/RPR Non-reactive.', 'Dr. Alan Grant', '/sigs/agrant.png', 'Delivered', 'Clearance confirmed.', '2026-02-12 10:30:00', '2026-02-12 13:00:00'),
('R-3048', 'P-1048', 'Draft: Biopsy ongoing.', NULL, NULL, NULL, 'Pending', 'Tissue slicing stage.', '2026-02-12 13:00:00', '2026-02-12 13:00:00'),
('R-3049', 'P-1049', 'Draft: Blood group evaluated.', 'Final: Blood Type O Positive.', 'Dr. Ellie Sattler', '/sigs/esattler.png', 'Delivered', 'Donor card updated.', '2026-02-13 14:00:00', '2026-02-13 16:45:00'),
('R-3050', 'P-1050', 'Draft: Gonorrhea PCR negative.', 'Final: Neisseria gonorrhoeae DNA Not Detected.', 'Dr. Ian Malcolm', '/sigs/imalcolm.png', 'Delivered', 'Patient cleared.', '2026-02-14 10:00:00', '2026-02-14 12:30:00');
